{    
    "camera_matrices": [
        {
            "mid_mat_k": [ 9502.54978746113, 0, 1439.736725589603,
            0, 9597.595895217104, 1238.680968547505,
            0, 0, 1],
            "mid_mat_d": [0.1800745813558469, 2.301936279858212, 0.002603749424296346, -0.007170609412616102, -50.26142075207831],
            "side_mat_k": [9522.125901068606, 0, 1568.044007134373,
            0, 9616.138530797771, 1188.165214994341,
            0, 0, 1],
            "side_mat_d": [0.132323910941973, 4.331013796121783, -1.180810475754261e-05, 0.0003152419719542022, -88.05021454278794],
            "mat_rt": [0.9806691567557073, -0.003984638900651937, 0.1956326343964152, -203.793362166889,
            0.003010377684375832, 0.9999815445390544, 0.005277140085735087, 1.029991536879212,
            -0.1956500514036413, -0.004586200401036945, 0.9806630533224111, 68.90434757780537,
            0, 0, 0, 1],
            "matrices_scale": 3.64
        },
        {
            "mid_mat_k": [9335.78911337994, 0, 1600.281169567076,
            0, 9423.062640106198, 1175.838870949836,
            0, 0, 1],
            "mid_mat_d": [0.1828011310246966, -0.6900384284396445, -0.0007729014461948362, 0.001656744270315497, 21.0541981306895],
            "side_mat_k": [9367.637874072974, 0, 1618.420781457973,
            0, 9460.435487321854, 1156.89135780578,
            0, 0, 1],
            "side_mat_d": [0.2142222238570893, -1.527544133131773, -0.001321072886108557, 0.002823718909334441, 33.21134419729855],
            "mat_rt": [0.9797317937324607, -0.01870894241994011, 0.1994381804552541, -191.6566820745787,
            0.01789573866284359, 0.9998225712094998, 0.005879509991132265, 1.663599158779798,
            -0.1995127937939979, -0.002191249313059664, 0.9798927714494896, 74.53194288292406,
            0, 0, 0, 1],
            "matrices_scale": 3.64
        },
        {
            "mid_mat_k": [ 9322.466647381167, 0, 1604.995582308825,
            0, 9407.526041899124, 1186.382472920348,
            0, 0, 1],
            "mid_mat_d": [0.1818676319368462, -0.8745419163698548, -9.143616814241063e-06, 0.001951392518893673, 25.1811749874796],
            "side_mat_k": [9327.889916314651, 0, 1667.87538512756,
            0, 9420.337040155024, 1143.867799555375,
            0, 0, 1],
            "side_mat_d": [0.2081827294180646, -1.957021993232978, -0.001814914263608529, 0.004951922435904392, 40.20398113335597],
            "mat_rt": [0.980538520924341, -0.01871973347256255, 0.1954322915032771, -192.3094337130319,
            0.01758594837916268, 0.9998169613853376, 0.007535127457174618, 2.543153105026164,
            -0.1955375754250601, -0.003951620541836291, 0.980688248778368, 70.36516624251287,
            0, 0, 0, 1],
            "matrices_scale": 3.64
        },
        {
            "mid_mat_k": [ 9336.491278856314, 0, 1606.551951043391,
            0, 9422.172621552449, 1177.521243601194,
            0, 0, 1],
            "mid_mat_d": [0.1850370154950271, -1.043528262595064, -0.0006645901011179035, 0.002070534952893435, 30.04322010248187],
            "side_mat_k": [9366.65416495528, 0, 1636.068067611129,
            0, 9462.181722413365, 1163.454196341662,
            0, 0, 1],
            "side_mat_d": [0.1910238763085305, -1.011486332750514, -0.0004994123658597068, 0.003767585320241978, 26.71469327582532],
            "mat_rt": [0.9800656651457933, -0.01883049686788628, 0.1977794336882431, -191.0914972871134,
            0.01801168039956257, 0.9998201415993754, 0.005938334900367978, 1.097934519255926,
            -0.1978556831923654, -0.002257618194788496, 0.9802285609941025, 73.9184715651963,
            0, 0, 0, 1],
            "matrices_scale": 3.64
        }
    ]
}