{
    "camera_matrices": {
        "mid_mat_k": [ 9418.703187998373, 0, 1521.306217883809,
        0, 9412.140291652486, 1170.777850327491,
        0, 0, 1],
        "mid_mat_d": [0.1554337025434759, 1.234931006972262, -0.001053567580761622, -0.003458256401409012, -17.68380779500259],
        "side_mat_k": [9448.911990834111, 0, 1549.144952076924,
                0, 9453.736170305898, 1135.398772807657,
                0, 0, 1],
        "side_mat_d": [0.1828662129331601, -2.417636724516778, -0.003192995916651479, -0.002891466016574675, 83.01620361461417],
        "mat_rt": [9.7914491968986417e-01, 8.6376074297607117e-03, 2.0297935358902630e-01, -2.0455719492252425e+02,
            -9.4080534192927841e-03, 9.9995173550471128e-01, 2.8311114382465145e-03, 3.1530650483845091e+00,
            -2.0294510286377782e-01, -4.6817089834140123e-03, 9.7917892482661484e-01, 6.8136566511372834e+01,
            0,0,0,1],
        "matrices_scale": 3.64
    },
    "grayboard": {
        "gray_scale": 0.08
    },
    "geometry":{
        "camera_height": 954.61,
        "focal_factor": 35180.0,
        "light_str": [
            " 43, 196.7,792.1",
            " 43, 380, 716.18",
            " 43, 537.4, 595.4",
            " 43, 529.19, 366.07",
            " -43, 196.7,792.1",
            " -43, 380, 716.18",
            " -43, 537.4, 595.4",
            " -43, 529.19, 366.07"
        ],
        "rot_clockwise": true,
        "rot_count": 16
    },
    "marker": {
        "grid_size": 22.8,
        "height": 2,
        "win_size_min": 3,
        "win_size_max": 123,
        "win_size_step": 20,
        "detection_areas": [
            {
                "top": 1,
                "right": 0.15,
                "bottom": 0,
                "left": 0,
                "id_str": "6, 7, 8, 9, 10, 5, 11"
            },
            {
                "top": 1,
                "right": 1,
                "bottom": 0,
                "left": 0.85,
                "id_str": "1, 0, 21, 20, 19, 18, 17"
            }
        ]
    },
    "height_map": {
        "depth_min": -50,
        "depth_max": 50,
        "scale_factor": 0.01
    },
    "normal_map": {
        "filter_original_size": 8
    },
    "sss_map": {
        "gain": 0.8
    },
    "ao_map":{
        "height_scale": 0.15,
        "dir_count": 512,
        "strength": 1.6
    }
}