{
    "camera_matrices": [{
        "mid_mat_k": [3625.201895436066, 0, 1599.271348902946, 
                    0, 3624.028831650709, 1199.529112708249, 
                    0, 0, 1],
        "mid_mat_d": [-0.08679453314887678, 0.05810994512301724, 0.000465948031898355, -9.13398253656101e-05, 0.04108532915760271],
        "side_mat_k": [3625.201895436066, 0, 1599.271348902946, 
                    0, 3624.028831650709, 1199.529112708249, 
                    0, 0, 1],
        "side_mat_d": [-0.08679453314887678, 0.05810994512301724, 0.000465948031898355, -9.13398253656101e-05, 0.04108532915760271],
        "mat_rt": [9.8626454228129845e-01, 1.0001995229776902e-02, 1.6487029062291506e-01, -1.5852180985263561e+02,
                    -8.6691469086326613e-03, 9.9992368395813569e-01, -8.8018265983246836e-03, -2.2857145490068307e+00,
                    -1.6494574420256344e-01, 7.2516447109570404e-03, 9.8627598324122678e-01,  4.0191025764349845e+01,
                    0,0,0,1],
        "matrices_scale": 3.64
    }],
    "grayboard": {
        "gray_scale": 0.08
    },
    "geometry":{
        "camera_height": 954.61,
        "grayboard_height": 3.6, 
        "focal_factor": 13200.0,
        "light_str": [
            " 43, 196.7,792.1",
            " 43, 380, 716.18",
            " 43, 537.4, 595.4",
            " 43, 529.19, 366.07",
            " -43, 196.7,792.1",
            " -43, 380, 716.18",
            " -43, 537.4, 595.4",
            " -43, 529.19, 366.07"
        ],
        "rot_clockwise": true,
        "rot_count": 16
    },
    "marker": {
        "grid_size": 22.8,
        "height": 2,
        "win_size_min": 3,
        "win_size_max": 123,
        "win_size_step": 20,
        "detection_areas": [
            {
                "top": 1,
                "right": 0.15,
                "bottom": 0,
                "left": 0,
                "id_str": " 6, 7, 8, 9,10, 5,11"
            },
            {
                "top": 1,
                "right": 1,
                "bottom": 0,
                "left": 0.85,
                "id_str": " 1, 0, 21,20,19,18,17"
            }
        ]
    },
    "height_map": {
        "depth_min": -33.3,
        "depth_max": 33.3,
        "scale_factor": 0.03
    },
    "normal_map": {
        "filter_original_size": 8
    },
    "sss_map": {
        "gain": 0.8
    },
    "ao_map":{
        "height_scale": 0.15,
        "dir_count": 512,
        "strength": 1.6
    }
}