{
    "camera_matrices": [
        {
            "mid_mat_k": [ 9326.808442402194, 0, 1610.004801235852,
            0, 9411.812275796186, 1139.204470397878,
            0, 0, 1],
            "mid_mat_d": [0.1616654872350363, -0.2543973195521771, -0.002537036484312169, 0.001937754920855055, 22.18406003542411],
            "side_mat_k": [9273.852151590128, 0, 1624.117012031618,
            0, 9367.838377674958, 1107.468115881283,
            0, 0, 1],
            "side_mat_d": [0.1937319994912946, -2.466437712784034, -0.004338568164218971, 0.00180960580082352, 58.29407718385839],
            "mat_rt": [0.9800355921497301, -0.002528504601597485, 0.1988060481580164, -191.2285305417334,
            0.0007380021151777903, 0.9999585048749872, 0.009079861290699568, 2.326408321909649,
            -0.1988207571472501, -0.00875186795261741, 0.979996791492061, 62.49729845611564,
            0, 0, 0, 1],
            "matrices_scale": 3.64
        },
        {
            "mid_mat_k": [9335.78911337994, 0, 1600.281169567076,
            0, 9423.062640106198, 1175.838870949836,
            0, 0, 1],
            "mid_mat_d": [0.1828011310246966, -0.6900384284396445, -0.0007729014461948362, 0.001656744270315497, 21.0541981306895],
            "side_mat_k": [9367.637874072974, 0, 1618.420781457973,
            0, 9460.435487321854, 1156.89135780578,
            0, 0, 1],
            "side_mat_d": [0.2142222238570893, -1.527544133131773, -0.001321072886108557, 0.002823718909334441, 33.21134419729855],
            "mat_rt": [0.9797317937324607, -0.01870894241994011, 0.1994381804552541, -191.6566820745787,
            0.01789573866284359, 0.9998225712094998, 0.005879509991132265, 1.663599158779798,
            -0.1995127937939979, -0.002191249313059664, 0.9798927714494896, 74.53194288292406,
            0, 0, 0, 1],
            "matrices_scale": 3.64
        },
        {
            "mid_mat_k": [ 9322.466647381167, 0, 1604.995582308825,
            0, 9407.526041899124, 1186.382472920348,
            0, 0, 1],
            "mid_mat_d": [0.1818676319368462, -0.8745419163698548, -9.143616814241063e-06, 0.001951392518893673, 25.1811749874796],
            "side_mat_k": [9327.889916314651, 0, 1667.87538512756,
            0, 9420.337040155024, 1143.867799555375,
            0, 0, 1],
            "side_mat_d": [0.2081827294180646, -1.957021993232978, -0.001814914263608529, 0.004951922435904392, 40.20398113335597],
            "mat_rt": [0.980538520924341, -0.01871973347256255, 0.1954322915032771, -192.3094337130319,
            0.01758594837916268, 0.9998169613853376, 0.007535127457174618, 2.543153105026164,
            -0.1955375754250601, -0.003951620541836291, 0.980688248778368, 70.36516624251287,
            0, 0, 0, 1],
            "matrices_scale": 3.64
        },
        {
            "mid_mat_k": [ 9336.491278856314, 0, 1606.551951043391,
            0, 9422.172621552449, 1177.521243601194,
            0, 0, 1],
            "mid_mat_d": [0.1850370154950271, -1.043528262595064, -0.0006645901011179035, 0.002070534952893435, 30.04322010248187],
            "side_mat_k": [9366.65416495528, 0, 1636.068067611129,
            0, 9462.181722413365, 1163.454196341662,
            0, 0, 1],
            "side_mat_d": [0.1910238763085305, -1.011486332750514, -0.0004994123658597068, 0.003767585320241978, 26.71469327582532],
            "mat_rt": [0.9800656651457933, -0.01883049686788628, 0.1977794336882431, -191.0914972871134,
            0.01801168039956257, 0.9998201415993754, 0.005938334900367978, 1.097934519255926,
            -0.1978556831923654, -0.002257618194788496, 0.9802285609941025, 73.9184715651963,
            0, 0, 0, 1],
            "matrices_scale": 3.64
        }
    ],
    "grayboard": {
        "gray_scale": 0.08
    },
    "geometry":{
        "camera_height": 954.61,
        "grayboard_height": 3.6, 
        "focal_factor": 35180.0,
        "light_str": [
            " 43, 196.7,792.1",
            " 43, 380, 716.18",
            " 43, 537.4, 595.4",
            " 43, 529.19, 366.07",
            " -43, 196.7,792.1",
            " -43, 380, 716.18",
            " -43, 537.4, 595.4",
            " -43, 529.19, 366.07"
        ],
        "rot_clockwise": true,
        "rot_count": 16
    },
    "marker": {
        "grid_size": 22.8,
        "height": 2,
        "win_size_min": 3,
        "win_size_max": 123,
        "win_size_step": 20,
        "detection_areas": [
            {
                "top": 1,
                "right": 0.15,
                "bottom": 0,
                "left": 0,
                "id_str": " 6, 7, 8, 9,10, 5,11"
            },
            {
                "top": 1,
                "right": 1,
                "bottom": 0,
                "left": 0.85,
                "id_str": " 1, 0, 21,20,19,18,17"
            }
        ]
    },
    "height_map": {
        "depth_min": -60,
        "depth_max": 20,
        "scale_factor": 0.0125
    },
    "normal_map": {
        "filter_original_size": 8
    },
    "sss_map": {
        "gain": 0.8
    },
    "ao_map":{
        "height_scale": 0.15,
        "dir_count": 512,
        "strength": 1.6
    }
}