{
    "camera_matrices": {
        "mid_mat_k": [ 9304.508306346666, 0, 1603.733481455999,
                    0, 9302.096017430835, 1140.075542142567,
                    0, 0, 1],
        "mid_mat_d": [0.1931385804095622, -2.675184641391703, -0.003206836119000671, 0.0009961830931852998, 74.57605125985521],
        "side_mat_k": [9370.335533822816, 0, 1577.233244282574,
            0, 9375.902732787354, 1181.514905688594,
            0, 0, 1],
        "side_mat_d": [0.1874825045770459, -2.376674941062013, 0.0003078068614637061, -0.0007957895013656552, 77.53926387100708],
        "mat_rt": [9.7800553021286407e-01, 8.1564686552987389e-03, 2.0841942062132740e-01, -2.0316220118078826e+02,
        -8.0280223196416214e-03, 9.9996670588827574e-01, -1.4621807638162912e-03, -1.3418473251312673e+00,
        -2.0842440771342019e-01, -2.4317488741158765e-04, 9.7803844869988832e-01, 7.1130334956132259e+01,
                    0,0,0,1],
        "matrices_scale": 3.64
    },
    "grayboard": {
        "gray_scale": 0.08
    },
    "geometry":{
        "camera_height": 1004.61, 
        "grayboard_height": 3.6, 
        "focal_factor": 35180.0, 
        "light_str": [
            " 43, 196.7,792.1",
            " 43, 380, 716.18",
            " 43, 537.4, 595.4",
            " -43, 196.7,792.1",
            " -43, 380, 716.18",
            " -43, 537.4, 595.4"
        ],
        "rot_clockwise": true,
        "rot_count": 18
    },
    "marker": {
        "grid_size": 22.8,
        "height": 2,
        "win_size_min": 3,
        "win_size_max": 123,
        "win_size_step": 20,
        "detection_areas": [
            {
                "top": 1,
                "right": 0.15,
                "bottom": 0,
                "left": 0,
                "id_str": "6, 7, 8, 9, 10, 5, 11"
            },
            {
                "top": 1,
                "right": 1,
                "bottom": 0,
                "left": 0.85,
                "id_str": "1, 0, 21, 20, 19, 18, 17"
            }
        ]
    },
    "height_map": {
        "depth_min": -50,
        "depth_max": 50,
        "scale_factor": 0.01
    },
    "normal_map": {
        "filter_original_size": 8
    },
    "sss_map": {
        "gain": 0.8
    },
    "ao_map":{
        "height_scale": 0.15,
        "dir_count": 512,
        "strength": 1.6
    }
}