{
    "grayboard": {
        "gray_scale": 0.08
    },
    "geometry":{
        "camera_height": 954.61,
        "base_height": 58,
        "grayboard_height": 62, 
        "focal_factor": 13200.0,
        "light_str": [
            " 43, 196.7,792.1",
            " 43, 380, 716.18",
            " 43, 537.4, 595.4",
            " -43, 196.7,792.1",
            " -43, 380, 716.18",
            " -43, 537.4, 595.4"
        ],
        "rot_clockwise": true,
        "rot_count": 16
    },
    "marker": {
        "grid_size": 22.8,
        "height": 2,
        "win_size_min": 3,
        "win_size_max": 123,
        "win_size_step": 20,
        "detection_areas": [
            {
                "top": 1,
                "right": 0.15,
                "bottom": 0,
                "left": 0,
                "id_str": " 6, 7, 8, 9,10, 5,11"
            },
            {
                "top": 1,
                "right": 1,
                "bottom": 0,
                "left": 0.85,
                "id_str": " 1, 0, 21,20,19,18,17"
            }
        ]
    },
    "height_map": {
        "depth_min": -60,
        "depth_max": 20,
        "scale_factor": 0.0125,
        "filtering_std_ratio": 0.5
    },
    "normal_map": {
        "filter_original_size": 8,
        "specular_removal": 4,
        "deshadow_ratio": 0.4,
        "normal_batch_count": 8
    },
    "albedo_map":{
        "albedo_batch_count": 4    
    },
    "sss_map": {
        "gain": 0.8
    },
    "ao_map":{
        "height_scale": 0.15,
        "dir_count": 512,
        "strength": 1.6
    },
    "camera_matrices":{
        "mid_mat_k": [ 9502.54978746113, 0, 1439.736725589603,
            0, 9597.595895217104, 1238.680968547505,
            0, 0, 1],
        "mid_mat_d": [0.1800745813558469, 2.301936279858212, 0.002603749424296346, -0.007170609412616102, -50.26142075207831]
    }
}