{
	"camera_matrices" : 
	[
		{
			"mat_rt" : 
			[
				0.98065875392517576,
				-0.0031102810093726063,
				0.19570062468465541,
				-200.60370134966686,
				0.0016672878284039556,
				0.99997020058085284,
				0.0075377782924551341,
				0.94605879222425004,
				-0.19571823752838893,
				-0.0070656989980955138,
				0.98063471659759704,
				53.45283620184486,
				0,
				0,
				0,
				1
			],
			"matrices_scale" : 3.6400000000000001,
			"mid_mat_d" : 
			[
				0.18236903854933317,
				0.84519978833451903,
				0.0036904414466050642,
				-0.0023052994358269646,
				-14.866497883172974
			],
			"mid_mat_k" : 
			[
				9455.0656526311996,
				0.0,
				1542.1280520401897,
				0.0,
				9551.8136121612315,
				1243.5632744843315,
				0.0,
				0.0,
				1.0
			],
			"side_mat_d" : 
			[
				0.18648974825664988,
				-0.93937023698014599,
				-0.00024898642517267027,
				0.0031601155073797738,
				30.106941246696127
			],
			"side_mat_k" : 
			[
				9342.1862924956786,
				0.0,
				1630.4130745284506,
				0.0,
				9434.380319916143,
				1183.0277425993295,
				0.0,
				0.0,
				1.0
			]
		},
		{
			"mat_rt" : [ 0, 0, 0, 0, 0, 0, 0, 0, 0, 0, 0, 0, 0, 0, 0, 1 ],
			"matrices_scale" : 3.6400000000000001,
			"mid_mat_d" : [ 1, 1, 1, 1, 1 ],
			"mid_mat_k" : [ 0, 1, 2, 0, 1, 2, 0, 1, 2 ],
			"side_mat_d" : [ 0, 0, 0, 0, 0 ],
			"side_mat_k" : [ 0, 1, 2, 0, 1, 2, 0, 1, 2 ]
		},
		{
			"mat_rt" : 
			[
				0.98053852092434102,
				-0.01871973347256255,
				0.19543229150327709,
				-192.30943371303189,
				0.017585948379162681,
				0.9998169613853376,
				0.0075351274571746176,
				2.543153105026164,
				-0.19553757542506009,
				-0.0039516205418362914,
				0.98068824877836802,
				70.365166242512871,
				0,
				0,
				0,
				1
			],
			"matrices_scale" : 3.6400000000000001,
			"mid_mat_d" : 
			[
				0.18186763193684621,
				-0.87454191636985479,
				-9.1436168142410633e-06,
				0.001951392518893673,
				25.181174987479601
			],
			"mid_mat_k" : 
			[
				9322.4666473811667,
				0,
				1604.9955823088251,
				0,
				9407.5260418991238,
				1186.3824729203479,
				0,
				0,
				1
			],
			"side_mat_d" : 
			[
				0.20818272941806459,
				-1.957021993232978,
				-0.001814914263608529,
				0.0049519224359043917,
				40.203981133355967
			],
			"side_mat_k" : 
			[
				9327.8899163146507,
				0,
				1667.8753851275601,
				0,
				9420.3370401550237,
				1143.8677995553751,
				0,
				0,
				1
			]
		},
		{
			"mat_rt" : 
			[
				0.98065875392517576,
				-0.0031102810093726063,
				0.19570062468465541,
				-200.60370134966686,
				0.0016672878284039556,
				0.99997020058085284,
				0.0075377782924551341,
				0.94605879222425004,
				-0.19571823752838893,
				-0.0070656989980955138,
				0.98063471659759704,
				53.45283620184486,
				0,
				0,
				0,
				1
			],
			"matrices_scale" : 3.6400000000000001,
			"mid_mat_d" : 
			[
				0.18236903854933317,
				0.84519978833451903,
				0.0036904414466050642,
				-0.0023052994358269646,
				-14.866497883172974
			],
			"mid_mat_k" : 
			[
				9455.0656526311996,
				0.0,
				1542.1280520401897,
				0.0,
				9551.8136121612315,
				1243.5632744843315,
				0.0,
				0.0,
				1.0
			],
			"side_mat_d" : 
			[
				0.18648974825664988,
				-0.93937023698014599,
				-0.00024898642517267027,
				0.0031601155073797738,
				30.106941246696127
			],
			"side_mat_k" : 
			[
				9342.1862924956786,
				0.0,
				1630.4130745284506,
				0.0,
				9434.380319916143,
				1183.0277425993295,
				0.0,
				0.0,
				1.0
			]
		}
	]
}
